Kryolan Glitter Lites - Ab Opal (0.1 oz),6
Snazaroo Brushes - Small Filbert,
Poofable Glitter - Holographic Bubblegum Pink,
Poofable Glitter - Holographic White,
Poofable Glitter - Holographic White,
Poofable Glitter - Holographic White,
Poofable Glitter - Holographic White,
Poofable Glitter - Holographic White,
Poofable Glitter - Holographic White,
Poofable Glitter - Holographic White,
Poofable Glitter - Holographic White,
Poofable Glitter - Holographic White,
Poofable Glitter - Holographic White,
Poofable Glitter - Holographic White,
Poofable Glitter - Holographic White,
Poofable Glitter - Holographic White,
Poofable Glitter - Holographic White,
Poofable Glitter - Holographic White,
Poofable Glitter - Holographic White,
Poofable Glitter - Holographic White,
Poofable Glitter - Holographic White,
Poofable Glitter - Holographic White,
Poofable Glitter - Holographic White,
Poofable Glitter - Holographic White,
Poofable Glitter - Holographic White,
Poofable Glitter - Holographic White,
Poofable Glitter - Holographic White,
Poofable Glitter - Holographic Limelicious Sparkle,
Poofable Glitter - Holographic Limelicious Sparkle,
Poofable Glitter - Holographic Limelicious Sparkle,
Poofable Glitter - Holographic Meridian Blue,
Poofable Glitter - Holographic Meridian Blue,
Poofable Glitter - Holographic White,
White Face Paint,
Amerikan Body Art Sheer Cosmetic Glitter - Holographic White (0.5 oz),
Red Face Paint,
Blue Face Paint,
Mehron Stage Blood (1 oz),
Mehron Stage Blood (1 oz),
Mehron Stage Blood (1 oz),
Snazaroo Brushes - Fine Round,
Snazaroo High Density Face Painting Sponges (2/pk),
Poofable Glitter - Holographic White,
Snazaroo Brushes - Medium Round,
Poofable Glitter - Holographic White,
Poofable Glitter - Holographic White,
White Face Paint,
White Face Paint,
White Face Paint,
White Face Paint,
White Face Paint,
White Face Paint,
White Face Paint,
White Face Paint,
White Face Paint,
White Face Paint,
White Face Paint,
White Face Paint,
White Face Paint,
White Face Paint,
White Face Paint,
White Face Paint,
White Face Paint,
White Face Paint,
White Face Paint,
White Face Paint,
White Face Paint,
White Face Paint,
White Face Paint,
White Face Paint,
White Face Paint,
White Face Paint,
White Face Paint,
White Face Paint,
White Face Paint,
White Face Paint,
White Face Paint,
White Face Paint,
White Face Paint,
White Face Paint,
White Face Paint,
White Face Paint,
White Face Paint,
White Face Paint,
White Face Paint,
White Face Paint,
White Face Paint,
White Face Paint,
White Face Paint,
White Face Paint,
White Face Paint,
White Face Paint,
White Face Paint,
White Face Paint,
White Face Paint,
White Face Paint,
Red Face Paint,
Red Face Paint,
Red Face Paint,
Red Face Paint,
Red Face Paint,
Red Face Paint,
Red Face Paint,
Red Face Paint,
Red Face Paint,
Red Face Paint,
Red Face Paint,
Red Face Paint,
Red Face Paint,
Red Face Paint,
Red Face Paint,
Red Face Paint,
Red Face Paint,
Black Face Paint,
Black Face Paint,
Black Face Paint,
Black Face Paint,
Black Face Paint,
Black Face Paint,
Black Face Paint,
Black Face Paint,
Black Face Paint,
Black Face Paint,
Black Face Paint,
Black Face Paint,
Black Face Paint,
Black Face Paint,
Black Face Paint,
Black Face Paint,
Black Face Paint,
Black Face Paint,
Black Face Paint,
Black Face Paint,
Black Face Paint,
Black Face Paint,
Black Face Paint,
Black Face Paint,
Black Face Paint,
Black Face Paint,
Black Face Paint,
Black Face Paint,
Black Face Paint,
Black Face Paint,
Black Face Paint,
Black Face Paint,
Black Face Paint,
Black Face Paint,
Black Face Paint,
Black Face Paint,
Black Face Paint,
Black Face Paint,
Black Face Paint,
Black Face Paint,
Black Face Paint,
Black Face Paint,
Black Face Paint,
Black Face Paint,
Black Face Paint,
Pink Face Paint,
Pink Face Paint,
Pink Face Paint,
Orange Face Paint,
Orange Face Paint,
Orange Face Paint,
Orange Face Paint,
Orange Face Paint,
Purple Face Paint,
Purple Face Paint,
Purple Face Paint,
Purple Face Paint,
Purple Face Paint,
Purple Face Paint,
Purple Face Paint,
Purple Face Paint,
Purple Face Paint,
Purple Face Paint,
Purple Face Paint,
Green Face Paint,
Green Face Paint,
Green Face Paint,
Green Face Paint,
Green Face Paint,
Green Face Paint,
Green Face Paint,
Yellow Face Paint,
Yellow Face Paint,
Yellow Face Paint,
Yellow Face Paint,
Yellow Face Paint,
Yellow Face Paint,
Yellow Face Paint,
Yellow Face Paint,
Yellow Face Paint,
Yellow Face Paint,
Yellow Face Paint,
Yellow Face Paint,
Yellow Face Paint,
Yellow Face Paint,
Brown Face Paint,
Brown Face Paint,
Brown Face Paint,
Brown Face Paint,
Brown Face Paint,
Brown Face Paint,
Brown Face Paint,
Brown Face Paint,
Brown Face Paint,
Pale Blue Face Paint,
Pale Blue Face Paint,
Pale Blue Face Paint,
Pale Blue Face Paint,
Pale Blue Face Paint,
Pale Blue Face Paint,
Pale Blue Face Paint,
Pale Blue Face Paint,
Pale Blue Face Paint,
Pale Blue Face Paint,
Pale Green Face Paint,
Pale Green Face Paint,
Pale Green Face Paint,
Pale Green Face Paint,
Pale Green Face Paint,
Pale Green Face Paint,
Pale Green Face Paint,
Pale Green Face Paint,
Pale Green Face Paint,
Pale Green Face Paint,
Pale Green Face Paint,
Pale Green Face Paint,
Pale Green Face Paint,
Pale Green Face Paint,
Dark Blue Face Paint,
Dark Blue Face Paint,
Dark Blue Face Paint,
Dark Blue Face Paint,
Dark Blue Face Paint,
Grey Face Paint,
Grey Face Paint,
Grey Face Paint,
Grey Face Paint,
Grey Face Paint,
Grey Face Paint,
Silver Face Paint,
Silver Face Paint,
Sparkle Red Face Paint,
Sparkle Red Face Paint,
Sparkle Red Face Paint,
Sparkle Red Face Paint,
Bright Pink Face Paint,
Bright Pink Face Paint,
Bright Pink Face Paint,
Bright Pink Face Paint,
Bright Pink Face Paint,
Dark Blue Face Paint,
Light Brown Face Paint,
White Paint,
Black Paint,
Brown Paint,
Red Paint,
White Paint,
Black Paint,
Red Paint,
White Paint,
Black Paint,
Sea Green Paint,
Red Paint,
Kryolan Black Eyeshadow,
Cream Foundation,
Stage Blood,
Beach Berry Red Paint,
Black Paint,
Dark Pink Paint,
Purple Paint,
Flame Red Rouge,
White Paint,
Black Paint,
Multi color face gems,
Black Face Paint,
Brown Face Paint,
Orange Face Paint,
Yellow Face Paint,
White Pressed Powder,
Black Paint,
Purple Eye Shadow,
Black Glitter Powder,
White Face Paint,
Black Face Paint,
White Face Paint,
Black Face Paint,
Red Face Paint,
Yellow Face Paint,
Light Blue Face Paint,
White Face Paint,
Black Face Paint,
Red Face Paint,
White Face Paint,
Black Face Paint,
Red Face Paint,
Pink Face Paint,
Green Face Paint,
Blue Face Paint,
White Face Paint,
Black Face Paint,
Red Face Paint,
Ice Lumiere Shimmer Powder,
White Face Paint,
Black Face Paint,
Mehron Paradise Black,
Lumiere Creme Ice,
Lumiere Creme Azalea,
Lumiere Creme Cherry Red,
White Cake Makeup,
White Face Paint,
Black Face Paint,
Light Tan Skin Face Paint,
Black Face Paint,
Yellow Face Paint,
Metallic White Face Paint,
Clear Face Gems,
Ben Nye Blue Eye Shadow,
Soft Beige Fantasy FX Liquid,
Cocoa Rose Rouge,
Mehron Saffron Yellow Powder,
White Paint,
Black Paint,
StarBlend Black,
White Face Paint,
Black Face Paint,
Light Brown Paint,
Dark Brown Paint,
Black Face Paint,
Beige Face Paint,
Metallic Copper Face Paint,
Cocoa Rose Rouge,
Black Glitter Powder,
