Electric Silver 766,23
Metallix Aztec Gold 400 ADD $ 2.61,32
Metallix Copper 300 ADD $ 2.61,35
Metallix Fuchsia M32 ADD $ 2.61,36
Sparkle White 00 ADD $ 1.76,45
Sparkle Pale Green 401 ADD $ 1.76,41
Sparkle Red 55 ADD $ 1.76,43
Green G,94
Kelly Green K,93
Light Creole Brown C,92
Monster Grey MG,91
Navy NB,90
Orange O,89
Purple P,88
Red R,87
Silver S,86
Soft Beige F,85
Teal T,84
White W,83
Wolfman Brown DBR,82
Yellow Y,81
Zombie Flesh Z,80
White 000,1
Black 111,2
Grass Green 477,3
Complexion Pink 500,11
Dark Orange 552,17
Light Grey 122,22
Electric Copper 755,43
Sparkle White 00,51
Amazon Green,3
Beach Berry,4
Black,2
Coral,5
Dark Blue,6
Dark Brown,7
Dark Green,8
Dark Pink,9
Lagoon Blue,14
Lime,19
Light Blue,15
Light Brown,16
Light Green,17
Light Pink,18
Mango,20
Orange,23
Purple,25
Red,26
Storm Cloud,28
Teal,29
Violet,30
White,1
Wild Orchid,31
Yellow,32
Black 111,2
Bright Green 444,6
Bright Pink 0058,7
Bright Red 0055,8
Bright Yellow 222,9
Dark Blue 333,12
Dark Green 455,15
Fuschia Pink 599,17
Grass Green 477,18
Lime Green 433,24
Pastel Blue 366,26
Pastel Green 400,27
Pastel Yellow 233,28
Royal Blue 344,30
Sea Blue 377,32
Sky Blue 355,33
Turquoise 488,34
White 000,1
Barely Beige 909,4
Dark Brown 999,13
Dark Gray 133,14
Dark Orange 552,16
Light Brown 988,20
Light Gray 122,21
Lilac 877,23
Orange 553,25
Purple 888,29
Electric Gold ADD $ 1.76,36
Electric Silver ADD $ 1.76,37
Sparkle Blue ADD $ 1.76,38
Sparkle Orange ADD $ 1.76,40
Sparkle Pink ADD $ 1.76,42
Sparkle Turquoise ADD $ 1.76,44
Sparkle Yellow ADD $ 1.76,46
Sparkle Green 44 ADD $ 1.76,39
White,1
Black,2
Light Blue,11
Royal Blue,21
Light Green,12
Green,10
Pink,16
Red,19
Yellow,24
Purple,18
Orange,15
Brown,6
Soft Grey,22
Powder Blue,17
Golden Orange,9
Teal,23
Lilac,13
Berry Wine,4
Dark Blue,7
Rose,20
Pearl Orange ADD $ 2.02,36
Pearl Rose ADD $ 2.02,39
Pearl Blue ADD $ 2.02,27
Pearl Green ADD $ 2.02,32
Pearl Silver ADD $ 2.02,40
Pearl Gold ADD $ 2.02,31
Pearl Purple ADD $ 2.02,37
Pearl Yellow ADD $ 2.02,45
Pearl White ADD $ 2.47,43
Pearl Sky Blue ADD $ 2.02,41
Pearl Black ADD $ 2.02,25
Pearl Copper ADD $ 2.02,30
Pearl Old Gold ADD $ 2.02,35
Pearl Bronze Green ADD $ 2.02,29
Pearl Red ADD $ 2.02,38
Pearl Lime ADD $ 2.02,34
Pearl Blush ADD $ 2.47,28
Pearl Lilac ADD $ 2.02,33
Pearl Teal ADD $ 2.47,42
Pearl Wine ADD $ 2.47,44
Blue BL,99
Gold GD,82
Green G,94
Orange O,88
Pink PK,92
Purple P,87
Red R,83
Silver S,81
Teal T,89
Black B,100
White W,93
Yellow Y,91
Tangerine,20
Sea Green,19
Royal Blue,18
Rose,17
Radioactive,16
Brilliant White,2
Ocean Spray,15
Midnight Blue,14
Jet Black,12
Grape Soda,11
Fuchsia Pink,10
Firetruck Red,9
Emerald Green,8
Deep Burgundy,7
Copper Penny,6
Chrome Silver,5
Canadian Blue,4
Bronze,3
Brilliant Gold,1
Turquoise LU-11,1
Starry Night LU-20,4
Silver LU-4,5
Jade LU-10,10
Indian Copper LU-21,11
Ice LU-1,13
Golden Apricot LU-18,14
Cosmic Violet LU-17,15
Cosmic Blue LU-12,16
Cherry Red LU-155,17
Chartreuse LU-8,18
Bronze LU-5,19
Azalea LU-16,21
Amethyst LU-14,22
Lumiere Metallic,1
Lumiere Brilliant,2
Youth Red,1
Green F16,14
Red,2
Pink R21,3
Light Blue,5
Black,6
UV Dayglow Yellow,3
UV Dayglow Pink,4
UV Dayglow Blue,7
Pink R21,10
Gold,15
Light Grey 122 ADD $ 0.45,28
Skinz Ebony 025,26
Skinz Fair 012,27
Skinz Golden Bronze 017,28
Grey 006,14
Skinz Honey Beige 015,29
Mint Green 055,18
Brown,82
Day Glow Blue,94
Day Glow Green,88
Day Glow Orange,92
Day Glow Pink,87
Day Glow Red,83
Day Glow Violet,81
Day Glow Yellow,89
Metallic Gold,91
Metallic Silver,84
Pink,85
Purple,80
Black,100
Blue,99
Green,93
Orange,90
Red,96
White,95
Yellow,86
Bronze BZ,98
Black B,100
Blue BL,99
Copper CP,97
Glow in the Dark,96
Gold GD,95
Black B,2
Blue BL,3
Ebony 10C,4
Green G,5
Moonlight White 19B,10
Orange O,12
Pink PK,14
Red R,16
Sable Brown 7C,17
Light Egyptian 8B,7
Medium Tan TV8,8
Monster Grey 18B,9
Tan Glow 26A,19
Oriental 16B,13
Purple P,15
Soft Peach 22A,18
White W,1
Yellow Y,20
Complexion Pink 500,11
Light Pink 577,22
Rust Brown 977,31
Light Beige 910,19
Beige Brown 911,5
Electric Copper 755 ADD $ 1.76,35
Black B,2
Blue BL,3
Ebony 10C,4
Green G,5
Moonlight White 19B,10
Orange O,12
Pink PK,14
Red R,16
Sable Brown 7C,17
Light Egyptian 8B,7
Medium Tan TV8,8
Monster Grey 18B,9
Tan Glow 26A,19
Oriental 16B,13
Purple P,15
Soft Peach 22A,18
White W,1
Yellow Y,20
Black 010,2
Brown 020,7
Orange 040,19
Pink 032,21
Red 030,24
White 001,1
Yellow 050,30
Bright Blue 070,6
Dark Blue 068,11
Dark Green 062,13
Light Blue 066,15
Light Green 057,16
Metallix Blue M70 ADD $ 2.61,33
Metallix Gold 100 ADD $ 2.61,37
Metallix Green M60 ADD $ 2.61,38
Metallix Rose M30 ADD $ 2.61,41
Metallix Silver 200 ADD $ 2.61,43
Metallix Yellow M50 ADD $ 2.61,45
Lilac 078,17
Sea Green 064,25
Metallix Orange M40 ADD $ 2.61,39
Metallix White M01 ADD $ 2.61,44
Deep Sea (Blue) DS,10
Dijon (Yellow) DN,11
Felou (Tan) FL,12
Foxy (Orange) FY,13
Mauve (Purple) MA,21
Olive (Green) OL,22
Porto (Red) PT,24
Sky (Blue) SY,27
Brilliant Light Blue / Blue Bebe ADD $ 1.44,37
Brilliant Purple / Violine ADD $ 1.44,39
Brilliant Bottle Green / Vert Boutiell ADD $ 1.44,33
Brilliant Fuchsia ADD $ 1.44,35
Brilliant Dark Blue / Azur ADD $ 1.44,34
Brilliant Gold / Dore ADD $ 1.44,36
Brilliant Silver / Argent ADD $ 1.44,40
Brilliant Orange ADD $ 1.44,38
Ogre Green OG,
Glow Blue,
Glow Orange,
Bisque (Skin Tone),5
Beige (Skin Tone),3
Mid Brown (Skin Tone) ,14
Earth (Skin Tone),8
Neon - Pink ADD $ 1.57,50
Neon - Green ADD $ 1.57,47
Neon - Purple ADD $ 1.57,51
Neon - Blue ADD $ 1.57,46
Neon - Yellow ADD $ 1.57,52
Neon - Orange ADD $ 1.57,49
Neon - Magenta ADD $ 1.57,48
Light Cocoa,6
Light Cocoa,6
White 000,1
Bright Red 0055,8
Bright Pink 0058,7
Black 111,2
Fuschia Pink 599,17
Bright Yellow 222,9
Pastel Yellow 233,28
Sea Blue 377,32
Dark Blue 333,12
Royal Blue 344,30
Sky Blue 355,33
Pastel Blue 366,26
Pastel Green 400,27
Lime Green 433,24
Bright Green 444,6
Dark Green 455,15
Grass Green 477,18
Turquoise 488,34
Complexion PINK 500,11
Orange 553,25
Dark Orange 552,16
Light Pink 577,22
Lilac 877,23
Purple 888,29
Barely Beige 909,4
Light Brown 988,20
Dark Brown 999,13
Rust Brown 977,31
Light Gray 122,21
Dark Gray 133,14
Light Beige 910,19
Beige Brown 911,5
Electric Gold ADD $ 1.76,36
Electric Silver ADD $ 1.76,37
Electric Copper 755 ADD $ 1.76,35
Sparkle Blue ADD $ 1.76,38
Sparkle Green 44 ADD $ 1.76,39
Sparkle Orange ADD $ 1.76,40
Sparkle Pink ADD $ 1.76,42
Sparkle Red Active 55 ADD $ 1.76,43
Sparkle Turquoise ADD $ 1.76,44
Sparkle White 00 ADD $ 1.76,45
Sparkle Yellow ADD $ 1.76,46
Sparkle Pale Green 401 ADD $ 1.76,41
White,6
Violet,2
Celestial Blue,5
White,1
Black,2
Red,3
Blue,4
Yellow,5
Green,6
Orange,7
Purple,8
Pink,9
Teal,10
Brown,11
Grey,12
Gold,1
Silver,2
Copper,3
White,4
Hot Pink,1
Neon Yellow,2
Neon Orange,3
Neon Green,4
Magenta,13
Purple,14
Red,15
Turquoise,16
Pearl White ADD $ 5.40,20
Metallic Gold ADD $ 2.70,19
Metallic Silver ADD $ 2.70,18
Metallic Copper ADD $ 2.70,17
Hot Pink ADD $ 2.70,24
Neon Yellow ADD $ 2.70,23
Neon Orange ADD $ 2.70,22
Neon Green ADD $ 2.70,21
White,1
Black,2
Red,3
Blue,4
Yellow,5
Green,6
Orange,7
Purple,8
Pink,9
Teal,10
Brown,11
Grey,12
Magenta,13
Purple,14
Red,15
Turquoise,16
White,1
Black,2
Apricot,3
Aster,4
Avocado,5
Blue,7
Bubble Gum,8
Caribbean,11
Chocolate,14
Coco,15
Dark Brown,17
Dark Grey,18
Deep Purple,19
Forest Green,21
Fuchsia,22
Grapefruit,23
Green,24
Habenero,26
Ice,27
Light Grey,29
Lilac,30
Lime,31
Midnight,33
Orange,35
Pastel Blue,36
Pastel Green,37
Pink,41
Pumpkin,42
Purple,43
Raspberry,44
Red,45
Rose,46
Ruby,47
Sea Blue,49
Sea Foam,50
Sunflower,51
Teal,52
Turquoise,54
Ultramarine,55
Wild Grape,56
Yellow,57
Metallic Gold ADD $ 2.88,74
Metallic Silver ADD $ 2.88,76
Pearl Aster ADD $ 2.88,58
Pearl Caribbean ADD $ 2.88,60
Pearl Lilac ADD $ 2.88,63
Pearl Pastel Pink ADD $ 2.88,66
Pearl Pink ADD $ 2.88,67
Pearl Turquoise ADD $ 2.88,70
Pearl Ultramarine ADD $ 2.88,71
Electric Gold 777,
Sparkle Blue 35,46
Light Beige 910,20
Beige Brown 911,4
Purple 888,31
Lilac 877,24
Fuchsia Pink 599,18
Turquoise 488,36
Pale Blue 366,27
Bright Green 444,5
Lime Green 433,25
Sparkle Pink 58,41
Bright Yellow 222,8
Sky Blue 355,35
Dark Green 455,14
Pale Green 400,28
Sea Blue 377,34
Bright Pink 0058,6
Dark Blue 333,12
Orange 553,26
Pale Yellow 233,29
Royal Blue 344,32
Metallic Gun Metal Grey 761,38
Sparkle Yellow 22,52
Sparkle Orange 53,48
Sparkle Turquoise 48,50
Light Brown 988,21
Barely Beige 909,3
Dark Brown 999,13
Electric Silver 766,45
Electric Gold 777,44
Light Pink 577,23
Sparkle Green 44,47
Sparkle Pale Green 401,40
Sparkle Red 55,49
Bright Red 0055,7
Dark Grey 133,16
Rust Brown 977,6
Neon Blue,1
Neon Green,2
Neon Orange,3
Neon Pink,4
Neon White,5
Neon Yellow,6
Apricot,4
Baby Blue,5
Dark Blue,6
Green Deep,11
Light Yellow,12
Lilac,13
Lime Green,14
Magenta,15
Orange,16
Pink,17
Purple,18
Red,19
Rose Brown,20
Soft Black,1
Stone Grey,21
Strong Black ADD $ 1.57,2
Teal,22
Ultra Blue,23
White,3
Yellow,24
Metallic Gold ADD $ 1.57,25
Metallic Silver ADD $ 1.57,26
Pearl Apricot ADD $ 1.57,27
Pearl Baby Blue ADD $ 1.57,28
Pearl Blue ADD $ 1.57,29
Pearl Lime Green ADD $ 1.57,32
Pearl Magenta ADD $ 1.57,33
Pearl Pink ADD $ 1.57,35
Pearl Purple ADD $ 1.57,36
Pearl Red ADD $ 1.57,37
Pearl White ADD $ 1.57,38
Pearl Yellow ADD $ 1.57,39
Neon Blue ADD $ 1.57,40
Neon Green ADD $ 1.57,41
Neon Orange ADD $ 1.57,42
Neon Pink ADD $ 1.57,43
Neon White (Clear) ADD $ 1.57,44
Neon Yellow ADD $ 1.57,45
Soft Black ADD $ 0.45 - Global,9
Strong Black ADD $ 2.02 - Global,10
White ADD $ 0.45 - Global,3
Apricot ADD $ 0.45 - Global,17
Baby Blue ADD $ 0.45 - Global,18
Dark Blue ADD $ 0.45 - Global,42
Green Deep ADD $ 0.45 - Global,63
Light Yellow ADD $ 0.45 - Global,77
Lilac ADD $ 0.45 - Global,81
Lime Green ADD $ 0.45 - Global,83
Magenta ADD $ 0.45 - Global,85
Orange ADD $ 0.45 - Global,98
Pink ADD $ 0.45 - Global,107
Purple ADD $ 0.45 - Global,114
Red ADD $ 0.45 - Global,120
Rose Brown ADD $ 0.45 - Global,126
Stone Grey ADD $ 0.45 - Global,132
Teal ADD $ 0.45 - Global,136
Ultra Blue ADD $ 0.45 - Global,139
Yellow ADD $ 0.45 - Global,145
Metallic Gold ADD $ 2.02 - Global,159
Metallic Silver ADD $ 2.02 - Global,182
Pearl Apricot ADD $ 2.02 - Global,192
Pearl Baby Blue ADD $ 2.02 - Global,193
Pearl Blue ADD $ 2.02 - Global,196
Pearl Lime Green ADD $ 2.02 - Global,211
Pearl Magenta ADD $ 2.02 - Global,212
Pearl Pink ADD $ 2.02 - Global,216
Pearl Purple ADD $ 2.02 - Global,218
Pearl Red ADD $ 2.02 - Global,221
Pearl White ADD $ 2.02 - Global,229
Pearl Yellow ADD $ 2.02 - Global,233
Neon Blue ADD $ 2.02 - Global,238
Neon Green ADD $ 2.02 - Global,246
Neon Orange ADD $ 2.02 - Global,255
Neon Pink ADD $ 2.02 - Global,260
Neon White ADD $ 2.02 - Global,269
Neon Yellow ADD $ 2.02 - Global,275
White - Tag,2
Black - Tag,8
Beige (Skin Tone) - Tag,21
Berry Wine - Tag,22
Bisque (Skin Tone) - Tag,23
Brown - Tag,34
Dark Blue - Tag,41
Earth (Skin Tone) - Tag,48
Golden Orange - Tag,54
Green - Tag,57
Light Blue - Tag,71
Light Green - Tag,75
Lilac - Tag,78
Mid Brown (Skin Tone)  - Tag,90
Orange - Tag,95
Pink - Tag,104
Powder Blue - Tag,108
Purple - Tag,111
Red - Tag,117
Rose - Tag,125
Royal Blue - Tag,127
Soft Grey - Tag,131
Teal - Tag,133
Yellow - Tag,142
Pearl Black ADD $ 2.02 - Tag,194
Pearl Blue ADD $ 2.02 - Tag,198
Pearl Blush ADD $ 2.47 - Tag,199
Pearl Bronze Green ADD $ 2.02 - Tag,200
Pearl Copper ADD $ 2.02 - Tag,201
Pearl Gold ADD $ 2.02 - Tag,203
Pearl Green ADD $ 2.02 - Tag,206
Pearl Lilac ADD $ 2.02 - Tag,209
Pearl Lime ADD $ 2.02 - Tag,210
Pearl Old Gold ADD $ 2.02 - Tag,213
Pearl Orange ADD $ 2.02 - Tag,215
Pearl Purple ADD $ 2.02 - Tag,219
Pearl Red ADD $ 2.02 - Tag,222
Pearl Rose ADD $ 2.02 - Tag,224
Pearl Silver ADD $ 2.02 - Tag,225
Pearl Sky Blue ADD $ 2.02 - Tag,226
Pearl Teal ADD $ 2.47 - Tag,227
Pearl White ADD $ 2.47 - Tag,230
Pearl Wine ADD $ 2.47 - Tag,231
Pearl Yellow ADD $ 2.02 - Tag,234
Neon Blue ADD $ 1.57 - Tag,236
Neon Green ADD $ 1.57 - Tag,244
Neon Magenta ADD $ 1.57 - Tag,250
Neon Orange ADD $ 1.57 - Tag,253
Neon Pink ADD $ 1.57 - Tag,258
Neon Purple ADD $ 1.57 - Tag,263
Neon Yellow ADD $ 1.57 - Tag,273
Black ADD $ 0.45 - Kryvaline,11
White ADD $ 0.45 - Kryvaline,4
Beige ADD $ 0.45 - Kryvaline,20
Blue ADD $ 0.45 - Kryvaline,27
Dark Brown ADD $ 0.45 - Kryvaline,44
Dark Green ADD $ 0.45 - Kryvaline,46
Green ADD $ 0.45 - Kryvaline,58
Grey ADD $ 0.45 - Kryvaline,65
Light Blue ADD $ 0.45 - Kryvaline,72
Lilac ADD $ 0.45 - Kryvaline,79
Lime Green ADD $ 0.45 - Kryvaline,82
Orange ADD $ 0.45 - Kryvaline,96
Pale Pink ADD $ 0.45 - Kryvaline,100
Pink ADD $ 0.45 - Kryvaline,105
Purple ADD $ 0.45 - Kryvaline,112
Red ADD $ 0.45 - Kryvaline,118
Teal ADD $ 0.45 - Kryvaline,134
Yellow ADD $ 0.45 - Kryvaline,143
Metallic Baby Blue ADD $ 1.57 - Kryvaline,150
Metallic Black ADD $ 1.57 - Kryvaline,148
Metallic Blue ADD $ 1.57 - Kryvaline,152
Metallic Gold ADD $ 1.57 - Kryvaline,158
Metallic Green ADD $ 1.57 - Kryvaline,162
Metallic Lilac ADD $ 1.57 - Kryvaline,163
Metallic Orange ADD $ 1.57 - Kryvaline,166
Metallic Pink ADD $ 1.57 - Kryvaline,169
Metallic Purple ADD $ 1.57 - Kryvaline,172
Metallic Red ADD $ 1.57 - Kryvaline,174
Metallic Silver ADD $ 1.57 - Kryvaline,181
Metallic Yellow ADD $ 1.57 - Kryvaline,190
Neon Blue ADD $ 1.57 - Kryvaline,237
Neon Green ADD $ 1.57 - Kryvaline,245
Neon Orange ADD $ 1.57 - Kryvaline,254
Neon Pink ADD $ 1.57 - Kryvaline,259
Neon Purple ADD $ 1.57 - Kryvaline,264
Neon Yellow ADD $ 1.57 - Kryvaline,274
White - Diamond,1
Black - Diamond,7
Light Brown - Diamond,73
Dark Brown - Diamond,43
Golden Yellow - Diamond,55
Fuchsia Pink - Diamond,53
Sea Green - Diamond,129
Pastel Blue - Diamond,101
Lavender - Diamond,68
Grey - Diamond,64
Red - Diamond,116
Pink - Diamond,103
Bordeaux Red - Diamond,33
Orange - Diamond,94
Yellow - Diamond,141
Mint Green - Diamond,93
Light Green - Diamond,74
Green - Diamond,56
Dark Green - Diamond,45
Light Blue - Diamond,70
Dark Blue - Diamond,40
Blue - Diamond,26
Purple - Diamond,110
Metallic Gold ADD $ 1.48 - Diamond,157
Metallic Silver ADD $ 1.48 - Diamond,180
Metallic Pink ADD $ 1.48 - Diamond,168
Metallic Yellow ADD $ 1.48 - Diamond,189
Metallic Green ADD $ 1.48 - Diamond,161
Metallic Blue ADD $ 1.48 - Diamond,151
Metallic Bronze ADD $ 1.48 - Diamond,153
Metallic Violet Purple ADD $ 1.48 - Diamond,187
Metallic Black ADD $ 1.48 - Diamond,147
Metallic White ADD $ 2.74 - Diamond,188
Metallic Old Gold ADD $ 1.48 - Diamond,164
Metallic Orange ADD $ 1.48 - Diamond,165
Metallic Baby Blue ADD $ 1.48 - Diamond,149
Metallic Copper ADD $ 1.48 - Diamond,154
Metallic Plum Fairy ADD $ 1.48 - Diamond,170
Neon Pink ADD $ 1.48 - Diamond,257
Neon Magenta ADD $ 1.48 - Diamond,249
Neon Purple ADD $ 2.74 - Diamond,265
Neon Orange ADD $ 1.48 - Diamond,252
Neon Yellow ADD $ 1.48 - Diamond,272
Neon Green ADD $ 1.48 - Diamond,243
Neon Blue ADD $ 2.74 - Diamond,239
Neon White ADD $ 2.74 - Diamond,270
White,1
Black,2
Blue,3
Bordeaux Red,4
Dark Blue,5
Dark Brown,6
Dark Green,7
Fuchsia Pink,8
Golden Yellow,9
Green,10
Grey,11
Lavender,12
Light Blue,13
Light Brown,14
Light Green,15
Mint Green,16
Orange,17
Pastel Blue,18
Pink,19
Purple,20
Red,21
Sea Green,22
Yellow,23
Metallic Baby Blue ADD $ 1.48,24
Metallic Black ADD $ 1.48,25
Metallic Blue ADD $ 1.48,26
Metallic Bronze ADD $ 1.48,27
Metallic Copper ADD $ 1.48,28
Metallic Gold ADD $ 1.48,29
Metallic Green ADD $ 1.48,30
Metallic Old Gold ADD $ 1.48,31
Metallic Orange ADD $ 1.48,32
Metallic Pink ADD $ 1.48,33
Metallic Plum Fairy ADD $ 1.48,34
Metallic Silver ADD $ 1.48,35
Metallic Violet Purple ADD $ 1.48,36
Metallic White ADD $ 2.74,37
Metallic Yellow ADD $ 1.48,38
Neon Blue ADD $ 2.74,39
Neon Green ADD $ 1.48,40
Neon Magenta ADD $ 1.48,41
Neon Orange ADD $ 1.48,42
Neon Pink ADD $ 1.48,43
Neon Purple ADD $ 2.74,44
Neon White ADD $ 2.74,45
Neon Yellow ADD $ 1.48,46
White,1
Black,2
Beige,3
Blue,4
Dark Brown,5
Dark Green,6
Green,7
Grey,8
Light Blue,9
Lilac,10
Lime Green,11
Orange,12
Pale Pink,13
Pink,14
Purple,15
Red,16
Teal,17
Yellow,18
Metallic Baby Blue ADD $ 1.12,21
Metallic Black ADD $ 1.12,20
Metallic Blue ADD $ 1.12,22
Metallic Gold ADD $ 1.12,23
Metallic Green ADD $ 1.12,24
Metallic Lilac ADD $ 1.12,25
Metallic Orange ADD $ 1.12,26
Metallic Pink ADD $ 1.12,27
Metallic Purple ADD $ 1.12,28
Metallic Red ADD $ 1.12,29
Metallic Silver ADD $ 1.12,30
Metallic Yellow ADD $ 1.12,31
Neon Green ADD $ 1.12,32
Neon Neon Blue ADD $ 1.12,33
Neon Orange ADD $ 1.12,34
Neon Pink ADD $ 1.12,35
Neon Purple ADD $ 1.12,36
Neon Yellow ADD $ 1.12,37
White,1
Black,2
Beige,3
Berry Wine,4
Bisque,5
Brown,6
Dark Blue,7
Earth,8
Golden Orange,9
Green,10
Light Blue,11
Light Green,12
Lilac,13
Mid Brown,14
Orange,15
Pink,16
Powder Blue,17
Purple,18
Red,19
Rose,20
Royal Blue,21
Soft Grey,22
Teal,23
Yellow,24
Pearl Black ADD $ 2.02,26
Pearl Blue ADD $ 2.02,27
Pearl Blush ADD $ 2.47,28
Pearl Bronze Green ADD $ 2.02,29
Pearl Copper ADD $ 2.02,30
Pearl Gold ADD $ 2.02,31
Pearl Green ADD $ 2.02,32
Pearl Lilac ADD $ 2.02,33
Pearl Lime ADD $ 2.02,34
Pearl Old Gold ADD $ 2.02,35
Pearl Orange ADD $ 2.02,36
Pearl Purple ADD $ 2.02,37
Pearl Red ADD $ 2.02,38
Pearl Rose ADD $ 2.02,39
Pearl Silver ADD $ 2.02,40
Pearl Sky Blue ADD $ 2.02,41
Pearl Teal ADD $ 2.47,42
Pearl White ADD $ 2.47,43
Pearl Wine ADD $ 2.47,44
Pearl Yellow ADD $ 2.02,45
Neon Blue ADD $ 1.57,46
Neon Green ADD $ 1.57,47
Neon Magenta ADD $ 1.57,48
Neon Orange ADD $ 1.57,49
Neon Pink ADD $ 1.57,50
Neon Purple ADD $ 1.57,51
Neon Yellow ADD $ 1.57,52
Lavender,13
Strong Black,1
Black Velvet,2
Pure White,3
Absinthe,4
Almond,5
Banana Yellow,6
Blood Rain,7
Blood Red,8
Bollywood Pink,9
Camouflage,10
Celadon,11
Clover Green,12
Coffee Brown,13
Cotton Candy,14
Darkness,15
Espresso,16
Fifty,17
Fire Red,18
Frog Green,19
Inkheart,20
Leeloo,21
Macchiato,22
Marina Yellow,23
Marshmallow,24
Midnight Blue,25
Mimi Green,26
Orange Juice,27
Paynes Grey ADD $ 0.67,28
Purdy Purple,29
Purple Poison,30
Red Berry,31
Robins Egg,32
Sea Blue,33
Skull,34
Teal,35
Tiger,36
Wicked Green,37
Metallic Crystal white ADD $ 2.47,38
Metallic Fleur de Lise ADD $ 2.47,39
Metallic Gothic Black ADD $ 2.47,40
Metallic Oscar ADD $ 2.47,41
Metallic Plum Fairy ADD $ 2.47,42
Metallic Purple Heart ADD $ 2.47,43
Metallic Rose Metal ADD $ 2.47,44
Metallic Shimmer Capulate ADD $ 2.92,45
Metallic Shimmer Colouredlife ADD $ 2.92,46
Metallic Shimmer Magic Star ADD $ 2.92,47
Metallic Shocking Pink ADD $ 2.47,48
Metallic Steampunk ADD $ 2.47,49
Metallic Sterling ADD $ 2.47,50
Metallic Thistle ADD $ 2.47,51
Metallic Victoriouse ADD $ 2.47,52
Neon Electric Purple ADD $ 2.47,53
Neon Foxy ADD $ 2.47,54
Neon In Love Red ADD $ 2.47,55
Neon Kryptonite ADD $ 2.47,56
Neon Pink Flamingo ADD $ 2.47,57
Neon Starlight White ADD $ 2.47,58
Neon Toxic ADD $ 2.47,59
Fire Red ADD $ 1.80 - Cameleon,51
Red Berry ADD $ 1.80 - Cameleon,123
Blood Red ADD $ 1.80 - Cameleon,25
Banana Yellow ADD $ 1.80 - Cameleon,19
Sea Blue ADD $ 1.80 - Cameleon,128
Orange Juice ADD $ 1.80 - Cameleon,99
Midnight Blue ADD $ 1.80 - Cameleon,91
Frog Green ADD $ 1.80 - Cameleon,52
Clover Green ADD $ 1.80 - Cameleon,37
Teal ADD $ 1.80 - Cameleon,137
Purple Poison ADD $ 1.80 - Cameleon,115
Coffee Brown ADD $ 1.80 - Cameleon,38
Strong Black ADD $ 1.80 - Cameleon,13
Black Velvet ADD $ 1.80 - Cameleon,14
Pure White ADD $ 1.80 - Cameleon,6
Cotton Candy ADD $ 1.80 - Cameleon,39
Marshmallow ADD $ 1.80 - Cameleon,89
Wicked Green ADD $ 1.80 - Cameleon,140
Robins Egg ADD $ 1.80 - Cameleon,124
Absinthe ADD $ 1.80 - Cameleon,15
Celadon ADD $ 1.80 - Cameleon,36
Almond ADD $ 1.80 - Cameleon,16
Espresso ADD $ 1.80 - Cameleon,49
Macchiato ADD $ 1.80 - Cameleon,84
Fifty ADD $ 1.80 - Cameleon,50
Paynes Grey ADD $ 2.47 - Cameleon,102
Camouflage ADD $ 1.80 - Cameleon,35
Bollywood Pink ADD $ 1.80 - Cameleon,32
Purdy Purple ADD $ 1.80 - Cameleon,109
Leeloo ADD $ 1.80 - Cameleon,69
Blood Rain ADD $ 1.80 - Cameleon,24
Darkness ADD $ 1.80 - Cameleon,47
Tiger ADD $ 1.80 - Cameleon,138
Mimi Green ADD $ 1.80 - Cameleon,92
Marina Yellow ADD $ 1.80 - Cameleon,88
Inkheart ADD $ 1.80 - Cameleon,67
Skull ADD $ 1.80 - Cameleon,130
Metallic Gothic Black ADD $ 4.27 - Cameleon,160
Metallic Crystal white ADD $ 4.27 - Cameleon,155
Metallic Shocking Pink ADD $ 4.27 - Cameleon,179
Metallic Steampunk ADD $ 4.27 - Cameleon,183
Metallic Oscar ADD $ 4.27 - Cameleon,167
Metallic Sterling ADD $ 4.27 - Cameleon,184
Metallic Purple Heart ADD $ 4.27 - Cameleon,173
Metallic Thistle ADD $ 4.27 - Cameleon,185
Metallic Rose Metal ADD $ 4.27 - Cameleon,175
Metallic Plum Fairy ADD $ 4.27 - Cameleon,171
Metallic Fleur de Lise ADD $ 4.27 - Cameleon,156
Metallic Victoriouse ADD $ 4.27 - Cameleon,186
Neon Pink Flamingo ADD $ 4.27 - Cameleon,261
Neon Toxic ADD $ 4.27 - Cameleon,267
Neon Foxy ADD $ 4.27 - Cameleon,241
Neon Kryptonite ADD $ 4.27 - Cameleon,248
Neon Starlight White ADD $ 4.27 - Cameleon,266
Neon Electric Purple ADD $ 4.27 - Cameleon,240
Neon In Love Red ADD $ 4.27 - Cameleon,247
Metallic Shimmer Capulate ADD $ 4.72 - Cameleon,176
Metallic Shimmer Magic Star ADD $ 4.72 - Cameleon,178
Metallic Shimmer Colouredlife ADD $ 4.72 - Cameleon,177
Metallic White ADD $ 1.12,19
Metallic White ADD $ 1.57 - Kryvaline,146
Fresh Green,10
Fresh Blue,9
Deep Magenta,7
Deep Merlot,8
Pearl Deep Blue ADD $ 1.57,30
Pearl Green ADD $ 1.57,31
Pearl Merlot ADD $ 1.57,34
Fresh Green ADD $ 0.45 - Global,62
Fresh Blue ADD $ 0.45 - Global,31
Deep Magenta ADD $ 0.45 - Global,87
Deep Merlot ADD $ 0.45 - Global,122
Pearl Deep Blue ADD $ 2.02 - Global,197
Pearl Green ADD $ 2.02 - Global,205
Pearl Merlot ADD $ 2.02 - Global,220
Creamy White,38
Creamy Black,39
Creamy Aqua Blue,40
Creamy Blue,41
Creamy Bright Green,42
Creamy Bright Orange,43
Creamy Dark Burgundy (Rose),44
Creamy Dark Teal (Grass green),45
Creamy Green,46
Creamy Light Green,47
Creamy Light Grey,48
Creamy Light purple,49
Creamy Magenta,50
Creamy Ochre,51
Creamy Phthalocyanine Blue,52
Creamy Pink,53
Creamy Purple,54
Creamy Red,55
Creamy Yellow,56
Creamy Pearl Apple Green ADD $ 0.90,57
Creamy Pearl Bright Blue ADD $ 0.90,58
Creamy Metallic Gold ADD $ 0.90,59
Creamy Metallic Grey ADD $ 0.90,60
Creamy Pearl Light Purple ADD $ 0.90,61
Creamy Pearl Orange ADD $ 0.90,62
Creamy Pearl Purple ADD $ 0.90,63
Creamy Pearl Rose ADD $ 0.90,64
Creamy Pearl White ADD $ 0.90,65
Creamy Pearl Yellow ADD $ 0.90,66
Creamy Fluorescent Blue ADD $ 0.90,67
Creamy Fluorescent Green ADD $ 0.90,68
Creamy Fluorescent Orange ADD $ 0.90,69
Creamy Fluorescent Pink ADD $ 0.90,70
Creamy Fluorescent Purple ADD $ 0.90,71
Creamy Fluorescent White ADD $ 0.90,72
Creamy Fluorescent Yellow ADD $ 0.90,73
White (Creamy) ADD $ 0.45 - Kryvaline,5
Black (Creamy) ADD $ 0.45 - Kryvaline,12
Aqua Blue (Creamy) ADD $ 0.45 - Kryvaline,29
Blue (Creamy) ADD $ 0.45 - Kryvaline,28
Bright Green (Creamy) ADD $ 0.45 - Kryvaline,61
Bright Orange (Creamy) ADD $ 0.45 - Kryvaline,97
Dark Burgundy (Rose) (Creamy) ADD $ 0.45 - Kryvaline,119
Dark Teal (Grass green) (Creamy) ADD $ 0.45 - Kryvaline,135
Green (Creamy) ADD $ 0.45 - Kryvaline,60
Light Green (Creamy) ADD $ 0.45 - Kryvaline,76
Light Grey (Creamy) ADD $ 0.45 - Kryvaline,66
Light Purple (Creamy) ADD $ 0.45 - Kryvaline,80
Magenta (Creamy) ADD $ 0.45 - Kryvaline,86
Ochre (Creamy) ADD $ 0.45 - Kryvaline,59
Blue Phthalocyanine (Creamy) ADD $ 0.45 - Kryvaline,30
Pink (Creamy) ADD $ 0.45 - Kryvaline,106
Purple (Creamy) ADD $ 0.45 - Kryvaline,113
Creamy Red ADD $ 0.45 - Kryvaline,121
Yellow (Creamy) ADD $ 0.45 - Kryvaline,144
Pearl Apple Green (Creamy) ADD $ 1.35 - Kryvaline,204
Pearl Bright Blue (Creamy) ADD $ 1.35 - Kryvaline,195
Metallic Gold Gold (Creamy) ADD $ 1.35 - Kryvaline,202
Pearl/Metallic Grey (Creamy) ADD $ 1.35 - Kryvaline,207
Pearl Light Purple (Creamy) ADD $ 1.35 - Kryvaline,208
Pearl Orange (Creamy) ADD $ 1.35 - Kryvaline,214
Pearl Purple (Creamy) ADD $ 1.35 - Kryvaline,217
Pearl Rose (Creamy) ADD $ 1.35 - Kryvaline,223
Pearl White (Creamy) ADD $ 1.35 - Kryvaline,228
Pearl Yellow (Creamy) ADD $ 1.35 - Kryvaline,232
Neon Blue (Creamy) ADD $ 1.35 - Kryvaline,235
Neon Green (Creamy) ADD $ 1.35 - Kryvaline,242
Neon Orange (Creamy) ADD $ 1.35 - Kryvaline,251
Neon Pink (Creamy) ADD $ 1.35 - Kryvaline,256
Neon Purple (Creamy) ADD $ 1.35 - Kryvaline,262
Neon White (Creamy) ADD $ 1.35 - Kryvaline,268
Neon Yellow (Creamy) ADD $ 1.35 - Kryvaline,271
