Mehron Paradise,8
Kryolan,6
Diamond FX,3
Bad Ass Stencils,0
Ruby Red Paints,10
Wolfe FX,14
Cameleon,2
Graftobian,5
TAG Body Art,12
Kryvaline,7
Global Body Art,4
Snazaroo,8
Snazaroo,11
BeautySoClean,17
Ben Nye,1
Ben Nye,0
Glimmer Body Art,19
Amerikan Body Art,16
Tinsley Transfers,24
Cinema Secrets,18
Loew-Cornell,20
Royal Brush,21
Silly Farm,23
Fun Express,0
Darice,0
Scarecrow,22
West Bay,0
ProKnows,0
Clown Antics,0
Always Wicked Art,15
Rhode Island Novelty,0
Smooth On,0
Masterson,0
U.S. Toy,0
Brian & Nick Wolfe,0
Clown Antics,0
Hairess Corporation,0
Ickle Pickle,0
Jim Howle,0
F+W Media,0
Klutz,0
Mehron Paradise,9
