Beginner Kits,1
4th of July,2
Animal,3
Bat,4
Bear,5
Blue Man,6
Blue Space Cat,7
Bumble Bee,8
Bunny,9
Butterfly,10
Camouflage,11
Cat,12
Christmas,13
Cinco De Mayo,14
Clown,15
Day of the dead,16
Devil,17
Dinosaur,18
Dog,19
Easter,20
Elephant,21
Fairy,22
Fish,23
Flower,24
Fox,25
Frankenstein,26
Frog,27
Giraffe,28
Halloween,29
Insect,30
Joker,31
Ladybug,32
Leopard,33
Lion,34
Masks (Mardi Gras),35
Mermaid,36
Mime,37
Monkey,38
Monster,39
Mouse,40
Panda,41
Peacock,42
Pirate,43
Princess,44
Pumpkin,45
Robot,46
Rockstar,47
Rose,48
Sea Creatures,49
Skull,50
Sugar Skull,51
Snake,52
Spider,53
Spiderman,54
Sports,55
St Patricks,56
Symbols,57
Tattoo,58
Thanksgiving,59
Tiger,60
Valentines,61
Vampire,62
Werewolf,63
Witch,64
Zebra,65
Zombie,66
