Clown (3 Colors),21
Desert Camo (3 Colors),18
Jungle Camo (3 Colors),14
Mardi Gras (3 Colors),12
Mermaid (3 Colors),10
Metallic Color (3 Colors),9
Pirate (3 Colors),8
Princess (3 Colors),7
St Patricks (3 Colors),4
Angled Retro (BAM2018),1
Babys Breath (BAM2014),2
Barbed Wire (BAM1025),3
Basketweave (BAM2019),4
Bricks (BAM1030),5
Bubbles (BAM1011),6
Carnival (BAM1032),7
Celtic Knot (BAM2002),8
Clouded Leopard (BAM1006),9
Cloudy (BAM2036),10
Cracks (BAM1008),11
Criss Cross (BAM2034),12
Criss Cross Large (BAM2033),13
Cross and Crown (BAM2020),14
Crosses (BAM3002),15
Crystals (BAM1043),16
Curved Foliage (BAM2015),17
Curvy Curls (BAM3011),18
Daisies (BAM2006),19
Damask (BAM2004),20
Data Stream (BAM1028),21
Delicate Crosses (BAM2032),22
Desert Cracks (BAM1016),23
Diamond Stars (BAM1015),24
Diamonds (BAM1014),25
Dotty (BAM2031),26
Dotty Hearts (BAM3004),27
Drips (BAM1018),28
Elegance (BAM2027),29
Elongated Drops (BAM3013),30
Equilizer (BAM1026),31
Filligree Hearts (BAM1044),32
Fireworks (BAM1021),33
Fish Scales (BAM1013),34
Flames (BAM1019),35
Flower Duo (BAM3017),36
Flower Mosaic (BAM2011),37
Forest (BAM1033),38
French Lace (BAM1034),39
Frozen Flowers (BAM2010),40
Furry (BAM2025),41
Gator (BAM1029),42
Gears (BAM1022),43
Geometric Lattice (BAM2013),44
Geometric Rose (BAM3006),45
Hearts (BAM1042),46
Hexagonal (BAM2021),47
Hibiscus (BAM3020),48
Lace (BAM1023),49
Lace Flowers (BAM1045),50
Lattice (BAM2007),51
Leaves (BAM3015),52
Leopard (BAM1002),53
Lozenge Lattice (BAM2029),54
Mini Dots (BAM2035),55
Modern Swirls (BAM3001),56
Nebula (BAM3005),57
Paisley (BAM2012),58
Playing Cards (BAM3019),59
Prismatic (BAM2008),60
Rain Drops (BAM1007),61
Reptile (BAM1004),62
Retro Circles (BAM2024),63
Retro Starbursts (BAM1040),64
Rose & Leaves (BAM3018),65
Rose (BAM2022),66
Rose Outline (BAM3008),67
Scales/Giraffe (BAM3003),68
Scaly Skin (BAM3007),69
Scattered Stars (BAM1039),70
Shooting Stars (BAM1037),71
Small Leopard (BAM3014),72
Small Zebra (BAM3009),73
Snakeskin (BAM1005),74
Snowflakes (BAM1036),75
Snowy (BAM1038),76
Splash (BAM2001),77
Splatters (BAM1017),78
Spotty (BAM1001),79
Squares (BAM1027),80
Stars & Shapes (BAM3010),81
Static (BAM1009),82
Sunshine (BAM3016),83
Swirled Squares (BAM1012),84
Swirls & Dots (BAM2005),85
Swirly (BAM2028),86
Swirly Hearts (BAM1035),87
The Birds (BAM2030),88
Tiny Stars (BAM2016),89
Tiny Triangles (BAM2023),90
Tiny Wishbones (BAM2009),91
Tiny Xs (BAM2017),92
Tree (BAM1031),93
Tulips (BAM1024),94
Turtle Shell (BAM2003),95
Twig (BAM1010),96
Twinkle Stars (BAM1041),97
Vortex (BAM3012),98
Wavy Fur (BAM2026),99
Web & Spiders (BAM1020),100
Zebra (BAM1003),101
Design (HAS5003),1
Girly (HAS5005),2
Mechanical (HAS5004),3
Organic (HAS5001),4
Pattern (HAS5007),5
Spooky (HAS5006),6
Whimsy (HAS5002),7
Charismatic (BABB4801),1
Dazzling (BABB4802),2
Dramatic (BABB4803),3
Eccentric (BABB4804),4
Showy (BABB4805),5
Angelina (BAB4004),1
Angle 1 (BAB40331),2
Angle 2 (BAB40272),3
Angle 3 (BAB40293),4
Angle 4 (BAB40364),5
Angle 5 (BAB40305),6
Angle 6 (BAB40316),7
Audrey (BAB4012),8
Bette (BAB4021),9
Brooke (BAB4016),10
Carmen (BAB4019),11
Cirque (BAB4018),12
Clown (BAB4024),13
Coco (BAB4006),14
Curly (BAB4051),15
Curve (BAB4032),16
Debbie (BAB4009),17
Drag (BAB4039),18
Drama (BAB4023),19
Drip (BAB4035),20
Edie (BAB4002),21
Fire (BAB4040),22
Flat (BAB4025),23
Fur (BAB4046),24
Gloria (BAB4020),25
Greta (BAB4003),26
Hatter (BAB4045),27
Hedy (BAB4015),28
Joan (BAB4014),29
Leafy (BAB4047),30
Liz (BAB4011),31
Lucy (BAB4022),32
Madonna (BAB4017),33
Maila (BAB4007),34
Marilyn (BAB4001),35
Marlene (BAB4005),36
Pearl (BAB4041),37
Point (BAB4048),38
Rita (BAB4013),39
Robo (BAB4044),40
Shocker (BAB4043),41
Sioxsie (BAB4010),42
Slant (BAB4026),43
Slant 2 (BAB40342),44
Slant 3 (BAB40383),45
Slide (BAB4028),46
Slide 2 (BAB40372),47
Smoke (BAB4049),48
Sophia (BAB4008),49
Spock (BAB4050),50
Wave (BAB4042),51
All Heart (BAD6018),1
Amphibeous (BAD6001),2
Animalia (BAD6017),3
Bubbles (BAD6002),4
Burton (BAD6031),5
Chaotic (BAD6032),6
Circulace (BAD6019),7
Cracks and Jags (BAD6003),8
Diamondz (BAD6004),9
Disheveled (BAD6020),10
Drips and Splats (BAD6005),11
Duchess (BAD6021),12
Flames (BAD6006),13
Flow (BAD6035),14
Foliage (BAD6022),15
Frozen (BAD6023),16
Galaxy Quest (BAD6011),17
Gears (BAD6007),18
Geometrix (BAD6008),19
Honeybuzz (BAD6036),20
Knotty (BAD6033),21
Laizy Paizley (BAD6009),22
Mozaic (BAD6029),23
Netz (BAD6030),24
Optique (BAD6024),25
Palette (BAD6010),26
Plucked (BAD6037),27
Queenie (BAD6025),28
Reptiliana (BAD6015),29
Sharp (BAD6012),30
Spiderz (BAD6013),31
Splatter (BAD6034),32
Starlight (BAD6014),33
Summer (BAD6016),34
Tweed (BAD6026),35
Whimsy (BAD6028),36
Woodz (BAD6027),37
Bubbles (HOTWING8001),1
Butterfly (HOTWING8010),2
Dots and Drips (HOTWING8004),3
Fancy Swirls (HOTWING8011),4
Fantasy (HOTWING8006),5
Flames (HOTWING8007),6
Leaves (HOTWING8005),7
Leopard (HOTWING8002),8
Reptile (HOTWING8008),9
Spiders (HOTWING8003),10
Starlight (HOTWING8009),11
Steampunk Gears (HOTWING8012),12
Light (HOTWING8013),
