American Flags,0
Americana,0
Barn Stars,0
Beach,0
Bicycles,0
Birdhouses,0
Backyard Birds,0
Bluebirds,0
Butterflies,0
Cardinals,0
Cats,0
Celebrate,0
Chevron,0
Chickadees,0
Aquatic Life,0
Daisies,0
Dragonflies,0
Eagles,0
Farm Country,0
Fire Department,0
Fireworks,0
Flip Flops,0
Generic Flowers,0
Summer & Fall Flowers,0
God Bless America,0
Backyard Birds,0
Hearts and Stripes,0
Home Sweet Home,0
Farm Animals,0
Hot Air Balloons,0
Houses,0
Hummingbirds,0
Trees and Shrubs,0
Ice Cream,0
Kites,0
Ladybugs,0
Lake,0
Liberty & Freedom,0
Midwest,0
Country Music,0
Nautical,0
Owls,0
Patriotic,0
Summer & Fall Flowers,0
Pinwheels,0
Polka Dots,0
Summer & Fall Flowers,0
Roosters,0
Farm Animals,0
Backyard Birds,0
Stripes,0
Sun,0
Summer & Fall Flowers,0
Support Our Troops,0
Spring Flowers,0
Uncle Sam,0
Watering Cans,0
Watermelon,0
Y'all,0
Be Mine,0
Bees,0
Game Birds,0
Generic Flowers,0
Forever,0
Happy Anniversary,0
Hearts,0
Love,0
Exotic Birds,0
Owls,0
Spring Flowers,0
Roses,0
Water Birds,0
Sweets,0
Watering Cans,0
Polka Dots,0
Stork,0
Apples,0
School Buses,0
Candles,0
Cats,0
Generic Flowers,0
Happy Birthday,0
Ice Cream,0
Owls,0
Polka Dots,0
Presents,0
Sweets,0
Wine & Drinks,0
Y'all,0
Christmas Flowers,0
American Flags,0
Americana,0
Angels,0
Barn Stars,0
Beach,0
Wildlife,0
Bells,0
Birdhouses,0
Backyard Birds,0
Bluebirds,0
Bunnies,0
Candles,0
Candy Canes,0
Cardinals,0
Cats,0
Chevron,0
Chickadees,0
Christmas In July,0
Christmas Stockings,0
Christmas Ornaments,0
Christmas Trees,0
Churches,0
Farm Animals,0
Crosses,0
Wildlife,0
Dogs,0
Farm Animals,0
Game Birds,0
Elves,0
Farm Country,0
Exotic Birds,0
Flip Flops,0
Generic Flowers,0
Wildlife,0
Aquatic Life,0
Gingerbread Man,0
Happy Holidays,0
Ho Ho Ho,0
Holly,0
Home Sweet Home,0
Hope/Faith/Peace/Joy,0
Farm Animals,0
Houses,0
Jesus is the Reason,0
Joy to the World,0
Letter A,0
Letter B,0
Letter C,0
Letter D,0
Letter E,0
Letter F,0
Letter G,0
Letter H,0
Letter I,0
Letter J,0
Letter K,0
Letter L,0
Letter M,0
Letter N,0
Letter O,0
Letter P,0
Letter Q,0
Letter R,0
Letter S,0
Letter T,0
Letter U,0
Letter V,0
Letter W,0
Letter X,0
Letter Y,0
Lighthouses,0
Love,0
Trees and Shrubs,0
Merry Christmas,0
Midwest,0
Nativity,0
Noel,0
New England,0
Nutcrackers,0
Owls,0
Game Birds,0
Water Birds,0
Pineapples,0
Christmas Flowers,0
Polka Dots,0
Presents,0
Reindeer,0
Religious,0
Santa,0
Aquatic Life,0
Water Birds,0
Season's Greetings,0
Farm Animals,0
Skates,0
Sleds,0
Snow,0
Snowman,0
South,0
Wildlife,0
Stripes,0
Sweets,0
Teddy Bears,0
Trees and Shrubs,0
Tropical,0
Wine & Drinks,0
Wreaths,0
Y'all,0
Zebra Stripes,0
Bicycles,0
Birdhouses,0
Bunnies,0
Butterflies,0
Chevron,0
Chickadees,0
Chicks,0
Crosses,0
Spring Flowers,0
Daisies,0
Game Birds,0
Easter Eggs,0
Farm Country,0
Generic Flowers,0
Happy Easter,0
Hope/Faith/Peace/Joy,0
Houses,0
Lilies,0
Midwest,0
Polka Dots,0
Summer & Fall Flowers,0
Roosters,0
Farm Animals,0
Stripes,0
Summer & Fall Flowers,0
Spring Flowers,0
Watering Cans,0
Western,0
American Flags,0
Americana,0
Angels,0
Apples,0
Barn Stars,0
Wildlife,0
Bicycles,0
Birdhouses,0
Backyard Birds,0
Blessings,0
Backyard Birds,0
Bluebirds,0
Butterflies,0
Camping,0
Cardinals,0
Cats,0
Chevron,0
Chickadees,0
Cornucopia,0
Farm Animals,0
Backyard Birds,0
Wildlife,0
Game Birds,0
Farm Country,0
Generic Flowers,0
Fruits,0
Game Birds,0
Daisies,0
Backyard Birds,0
Happy Fall,0
Hope/Faith/Peace/Joy,0
Houses,0
Hunting,0
Lake,0
Fall Leaves,0
Letter A,0
Letter B,0
Letter C,0
Letter D,0
Letter E,0
Letter F,0
Letter G,0
Letter H,0
Letter I,0
Letter J,0
Letter K,0
Letter L,0
Letter M,0
Letter N,0
Letter O,0
Letter P,0
Letter Q,0
Letter R,0
Letter S,0
Letter T,0
Letter U,0
Letter V,0
Letter W,0
Letter X,0
Letter Y,0
Letter Z,0
Live/Laugh/Love,0
Water Birds,0
Midwest,0
Wildlife,0
Summer & Fall Flowers,0
Country Music,0
Outdoors,0
Owls,0
Spring Flowers,0
Patriotic,0
Pineapples,0
Polka Dots,0
Pumpkins,0
Religious,0
Roosters,0
Scarecrows,0
Farm Animals,0
Wildlife,0
Stripes,0
Summer & Fall Flowers,0
Water Birds,0
Texas,0
"Planes, Trains, etc",0
Trees and Shrubs,0
Turkeys,0
Western,0
Wildlife,0
Wine & Drinks,0
Grapes,0
Backyard Birds,0
Wreaths,0
Y'all,0
Zebra Stripes,0
Barn Stars,0
Birdhouses,0
Backyard Birds,0
Blessings,0
Butterflies,0
Trees and Shrubs,0
Dragonflies,0
Farm Country,0
Generic Flowers,0
Home Sweet Home,0
Hope/Faith/Peace/Joy,0
Houses,0
Midwest,0
Owls,0
Religious,0
Roses,0
Western,0
BBQ,0
Birdhouses,0
Backyard Birds,0
Camping,0
Summer & Fall Flowers,0
Hearts,0
Love,0
Presents,0
Americana,0
Barn Stars,0
Beach,0
Bees,0
Bicycles,0
Birdhouses,0
Backyard Birds,0
Blessings,0
Bluebirds,0
Butterflies,0
Cardinals,0
Cats,0
Chickadees,0
Farm Animals,0
Aquatic Life,0
Daisies,0
Wildlife,0
Trees and Shrubs,0
Dragonflies,0
Farm Country,0
Generic Flowers,0
Aquatic Life,0
Summer & Fall Flowers,0
Daisies,0
Hope/Faith/Peace/Joy,0
Houses,0
Hummingbirds,0
Hunting,0
Ireland,0
Ladybugs,0
Lighthouses,0
Love,0
Exotic Birds,0
Midwest,0
Nautical,0
New Orleans,0
New England,0
Outdoors,0
Owls,0
Water Birds,0
Pineapples,0
Christmas Flowers,0
Summer & Fall Flowers,0
Religious,0
Roses,0
Scarecrows,0
Water Birds,0
Farm Animals,0
Skates,0
Snow,0
Snowman,0
Aquatic Life,0
Summer & Fall Flowers,0
Trees and Shrubs,0
Spring Flowers,0
Aquatic Life,0
Watering Cans,0
Caps,0
Congrats,0
Owls,0
Apples,0
Butterflies,0
Candy Canes,0
Cats,0
Dragonflies,0
Generic Flowers,0
Golf,0
Live/Laugh/Love,0
Love,0
Stripes,0
Sun,0
Summer & Fall Flowers,0
Sweets,0
Trees and Shrubs,0
Barn Stars,0
Bats,0
Bicycles,0
Boo,0
Cats,0
Chevron,0
Backyard Birds,0
Generic Flowers,0
Aquatic Life,0
Ghosts,0
Happy Halloween,0
Houses,0
Jack O Lanterns,0
Fall Leaves,0
Letter A,0
Letter B,0
Letter C,0
Letter D,0
Letter E,0
Letter F,0
Letter G,0
Letter H,0
Letter J,0
Letter K,0
Letter L,0
Letter M,0
Letter N,0
Letter P,0
Letter R,0
Letter S,0
Letter T,0
Letter W,0
Nautical,0
Owls,0
Polka Dots,0
Pumpkins,0
Scarecrows,0
Skull,0
Spiders,0
Stripes,0
Summer & Fall Flowers,0
Sweets,0
Trees and Shrubs,0
Trick Or Treat,0
Witches,0
Y'all,0
Zebra Stripes,0
Candles,0
Chevron,0
Fleur De Lis,0
Aquatic Life,0
Masks,0
New Orleans,0
Zebra Stripes,0
Backyard Birds,0
Bluebirds,0
Butterflies,0
Dragonflies,0
Generic Flowers,0
Happy Mother's Day,0
Hearts and Stripes,0
Sun,0
Support Our Troops,0
Watering Cans,0
Wine & Drinks,0
American Flags,0
Americana,0
Angels,0
Asian,0
Spring Flowers,0
Barn Stars,0
Bees,0
Birdhouses,0
Backyard Birds,0
Bless My Garden,0
Bless Your Heart,0
Blessings,0
Backyard Birds,0
Bluebirds,0
Wild Flowers,0
Bunnies,0
Butterflies,0
Cardinals,0
Cats,0
Chevron,0
Chickadees,0
Chicks,0
Summer & Fall Flowers,0
Wild Flowers,0
Summer & Fall Flowers,0
Farm Animals,0
Aquatic Life,0
Crosses,0
Backyard Birds,0
Spring Flowers,0
Summer & Fall Flowers,0
Daisies,0
Summer & Fall Flowers,0
Dogs,0
Trees and Shrubs,0
Farm Animals,0
Dragonflies,0
Game Birds,0
Farm Country,0
Aquatic Life,0
Generic Flowers,0
Wildlife,0
Aquatic Life,0
Summer & Fall Flowers,0
Daisies,0
Backyard Birds,0
Happy Spring,0
Hearts,0
Water Birds,0
Home Sweet Home,0
Hope/Faith/Peace/Joy,0
Farm Animals,0
Houses,0
Hummingbirds,0
Spring Flowers,0
Trees and Shrubs,0
Inspirational,0
Spring Flowers,0
Water Birds,0
Ladybugs,0
Letter A,0
Letter B,0
Letter C,0
Letter D,0
Letter E,0
Letter F,0
Letter G,0
Letter H,0
Letter I,0
Letter J,0
Letter K,0
Letter L,0
Letter M,0
Letter N,0
Letter O,0
Letter P,0
Letter Q,0
Letter R,0
Letter S,0
Letter T,0
Letter U,0
Letter V,0
Letter W,0
Letter X,0
Letter Y,0
Letter Z,0
Spring Flowers,0
Lilies,0
Live/Laugh/Love,0
Exotic Flowers,0
Love,0
Exotic Birds,0
Trees and Shrubs,0
Midwest,0
Backyard Birds,0
Summer & Fall Flowers,0
Owls,0
Spring Flowers,0
Paris,0
Patriotic,0
Exotic Birds,0
Spring Flowers,0
Farm Animals,0
Pineapples,0
Polka Dots,0
Summer & Fall Flowers,0
Quatrefoil,0
Summer & Fall Flowers,0
Religious,0
Roosters,0
Roses,0
Farm Animals,0
South,0
Backyard Birds,0
Wildlife,0
Stripes,0
Sun,0
Summer & Fall Flowers,0
Texas,0
Wild Flowers,0
Trees and Shrubs,0
Spring Flowers,0
Aquatic Life,0
Backyard Birds,0
Watering Cans,0
Western,0
Wild Flowers,0
Grapes,0
Y'all,0
Zebra Stripes,0
Summer & Fall Flowers,0
Bees,0
Spring Flowers,0
Generic Flowers,0
Aquatic Life,0
Happy St. Patrick's,0
Hearts,0
Ireland,0
Irish Pride,0
Leprechauns,0
Luck of the Irish,0
Pot Of Gold,0
Shamrock/Clovers,0
Farm Animals,0
Sweets,0
Teddy Bears,0
Texas,0
Wine & Drinks,0
American Flags,0
Americana,0
Angels,0
Apples,0
Asian,0
Barn Stars,0
BBQ,0
Beach,0
Wildlife,0
Bees,0
Bicycles,0
Birdhouses,0
Backyard Birds,0
Bless My Garden,0
Bless Your Heart,0
Blessings,0
Backyard Birds,0
Bluebirds,0
Wild Flowers,0
Bunnies,0
Butterflies,0
Camo,0
Camping,0
Cardinals,0
Cats,0
Celebrate,0
Chevron,0
Chickadees,0
Summer & Fall Flowers,0
Coffee,0
Summer & Fall Flowers,0
Farm Animals,0
Aquatic Life,0
Water Birds,0
Crosses,0
Backyard Birds,0
Spring Flowers,0
Summer & Fall Flowers,0
Daisies,0
Wildlife,0
Summer & Fall Flowers,0
Dogs,0
Trees and Shrubs,0
Aquatic Life,0
Farm Animals,0
Dragonflies,0
Game Birds,0
Eagles,0
Farm Country,0
Fire Department,0
Fireworks,0
Aquatic Life,0
Fishing,0
Exotic Birds,0
Flip Flops,0
Generic Flowers,0
Wildlife,0
Aquatic Life,0
Fruits,0
General Sports,0
Summer & Fall Flowers,0
Daisies,0
Backyard Birds,0
Golf,0
Hawaii,0
Hearts,0
Hearts and Stripes,0
Water Birds,0
Trees and Shrubs,0
Home Sweet Home,0
Hope/Faith/Peace/Joy,0
Farm Animals,0
Hot Air Balloons,0
Houses,0
Hummingbirds,0
Spring Flowers,0
Trees and Shrubs,0
Ice Cream,0
Inspirational,0
Spring Flowers,0
Water Birds,0
Kites,0
Ladybugs,0
Lake,0
Lemonade,0
Letter A,0
Letter B,0
Letter C,0
Letter D,0
Letter E,0
Letter F,0
Letter G,0
Letter H,0
Letter I,0
Letter J,0
Letter K,0
Letter L,0
Letter M,0
Letter N,0
Letter O,0
Letter P,0
Letter Q,0
Letter R,0
Letter S,0
Letter T,0
Letter U,0
Letter V,0
Letter W,0
Letter X,0
Letter Y,0
Letter Z,0
Liberty & Freedom,0
Lighthouses,0
Spring Flowers,0
Lilies,0
Live/Laugh/Love,0
Aquatic Life,0
Water Birds,0
Exotic Flowers,0
Love,0
Exotic Birds,0
Trees and Shrubs,0
Midwest,0
MLB Baseball,0
Backyard Birds,0
Summer & Fall Flowers,0
Country Music,0
Nautical,0
New England,0
Exotic Flowers,0
Outdoors,0
Owls,0
Spring Flowers,0
Paris,0
Exotic Birds,0
Patriotic,0
Exotic Birds,0
Water Birds,0
Spring Flowers,0
Summer & Fall Flowers,0
Farm Animals,0
Pineapples,0
Pinwheels,0
Polka Dots,0
Pool,0
Summer & Fall Flowers,0
Water Birds,0
Quatrefoil,0
Summer & Fall Flowers,0
Religious,0
Roosters,0
Roses,0
Water Birds,0
Scarecrows,0
Aquatic Life,0
Water Birds,0
Aquatic Life,0
Farm Animals,0
South,0
Backyard Birds,0
Wildlife,0
Aquatic Life,0
Strawberries,0
Stripes,0
Sun,0
Summer & Fall Flowers,0
Water Birds,0
Sweets,0
Texas,0
Wild Flowers,0
Exotic Birds,0
"Planes, Trains, etc",0
Trees and Shrubs,0
Tropical,0
Spring Flowers,0
Aquatic Life,0
Backyard Birds,0
Watering Cans,0
Watermelon,0
Western,0
Wildlife,0
Wild Flowers,0
Wine & Drinks,0
Grapes,0
Wildlife,0
Y'all,0
Zebra Stripes,0
Summer & Fall Flowers,0
Americana,0
Apples,0
Barn Stars,0
Birdhouses,0
Backyard Birds,0
Blessings,0
Butterflies,0
Cardinals,0
Cats,0
Chickadees,0
Cornucopia,0
Backyard Birds,0
Daisies,0
Generic Flowers,0
Fruits,0
Give Thanks,0
Happy Thanksgiving,0
Fall Leaves,0
Summer & Fall Flowers,0
Owls,0
Spring Flowers,0
Patriotic,0
Pumpkins,0
Religious,0
Summer & Fall Flowers,0
Trees and Shrubs,0
Turkeys,0
Y'all,0
Be Mine,0
Bees,0
Generic Flowers,0
Aquatic Life,0
Happy Valentine's,0
Hearts,0
Ladybugs,0
Love,0
Exotic Birds,0
Owls,0
Spring Flowers,0
Polka Dots,0
Roses,0
Support Our Troops,0
Water Birds,0
Sweets,0
Teddy Bears,0
Watering Cans,0
Be Mine,0
Game Birds,0
Generic Flowers,0
Forever,0
Hearts,0
Love,0
Exotic Birds,0
Owls,0
Spring Flowers,0
Roses,0
Water Birds,0
Wedding Cake,0
Wedding Dresses,0
American Flags,0
Wildlife,0
Birdhouses,0
Backyard Birds,0
Bunnies,0
Camo,0
Cardinals,0
Cats,0
Chevron,0
Chickadees,0
Churches,0
Wildlife,0
Farm Country,0
Generic Flowers,0
Wildlife,0
Game Birds,0
General Sports,0
Home Sweet Home,0
Hope/Faith/Peace/Joy,0
Farm Animals,0
Houses,0
Hunting,0
Lake,0
Letter A,0
Letter B,0
Letter C,0
Letter D,0
Letter E,0
Letter F,0
Letter G,0
Letter H,0
Letter J,0
Letter K,0
Letter L,0
Letter M,0
Letter N,0
Letter O,0
Letter P,0
Letter R,0
Letter S,0
Letter T,0
Letter V,0
Letter W,0
Letter Y,0
Midwest,0
Outdoors,0
Owls,0
Water Birds,0
Game Birds,0
Pineapples,0
Polka Dots,0
Season's Greetings,0
Farm Animals,0
Skates,0
Sleds,0
Snow,0
Snowman,0
Wildlife,0
Stripes,0
Texas,0
Trees and Shrubs,0
Uncle Sam,0
Western,0
Wildlife,0
Zebra Stripes,0
Blackboard,0
Inspirational,0
Inspirational,0
Happy New Year,0
Happy Mardi Gras,0
Cats,0
Dogs,0
Religious,0
General Sports,0
MLB Baseball,0
Nascar,0
NBA Basketball,0
NCAA,0
NFL Football,0
NHL Hockey,0
Love,0
Canada,0
South,0
Y'all,0
Coffee,0
Live/Laugh/Love,0
Inspirational,0
Polka Dots,0
Hunting,0
Soccer,0
Stripes,0
South,0
South,0
South,0
Wildlife,0
South,0
Patriotic,0
American Flags,0
Hearts and Stripes,0
Liberty & Freedom,0
Support Our Troops,0
South,0
Crosses,0
Camo,0
Garden Gnomes,0
Garden Gnomes,0
Americana,0
Americana,0
Americana,0
Breast Cancer Awareness,0
BBQ,0
Cats,0
Sweets,0
Wildlife,0
Cats,0
Wine & Drinks,0
Butterflies,0
Generic Flowers,0
American Flags,0
Wine & Drinks,0
Farm Animals,0
Crosses,0
Lilies,0
Angels,0
Dragonflies,0
Game Birds,0
Trees and Shrubs,0
God Bless America,0
Americana,0
Houses,0
Generic Flowers,0
Fireworks,0
Summer & Fall Flowers,0
Farm Animals,0
God Bless America,0
Home Sweet Home,0
Hummingbirds,0
Summer & Fall Flowers,0
Eagles,0
Watering Cans,0
Summer & Fall Flowers,0
Wine & Drinks,0
Roosters,0
Barn Stars,0
Cats,0
Birdhouses,0
Summer & Fall Flowers,0
Watermelon,0
Celebrate,0
Owls,0
Uncle Sam,0
Butterflies,0
Backyard Birds,0
Trees and Shrubs,0
Daisies,0
Farm Animals,0
Farm Country,0
Midwest,0
Cardinals,0
Nautical,0
Backyard Birds,0
Backyard Birds,0
Beach,0
Flip Flops,0
Hot Air Balloons,0
Aquatic Life,0
Dragonflies,0
Chevron,0
Chickadees,0
Spring Flowers,0
Bluebirds,0
Stripes,0
Ice Cream,0
Kites,0
Trees and Shrubs,0
Bicycles,0
Wreaths,0
Holly,0
Candy Canes,0
Joy to the World,0
Christmas Flowers,0
Christmas Trees,0
Gingerbread Man,0
Water Birds,0
Gay Pride,0
Peace,0
Dogs,0
Dogs,0
Dogs,0
Dogs,0
Dogs,0
Dogs,0
Dogs,0
Dogs,0
Dogs,0
Dogs,0
Dogs,0
Dogs,0
Dogs,0
Dogs,0
Dogs,0
Dogs,0
Dogs,0
Dogs,0
Dogs,0
Dogs,0
Dogs,0
Dogs,0
Dogs,0
Dogs,0
Dogs,0
Dogs,0
Dogs,0
Dogs,0
Dogs,0
Dogs,0
Dogs,0
Dogs,0
Dogs,0
Dogs,0
Dogs,0
Dogs,0
Dogs,0
Dogs,0
Dogs,0
Dogs,0
Dogs,0
Dogs,0
Dogs,0
Dogs,0
Dogs,0
Dogs,0
Dogs,0
Dogs,0
Dogs,0
Dogs,0
Dogs,0
Dogs,0
Dogs,0
Dogs,0
Dogs,0
Dogs,0
Dogs,0
Dogs,0
Dogs,0
Dogs,0
Dogs,0
Dogs,0
Dogs,0
Dogs,0
Dogs,0
Dogs,0
Dogs,0
Dogs,0
Dogs,0
Dogs,0
Dogs,0
Dogs,0
Dogs,0
Dogs,0
Dogs,0
Dogs,0
Dogs,0
Dogs,0
Dogs,0
Dogs,0
Dogs,0
Dogs,0
Dogs,0
Dogs,0
Dogs,0
Dogs,0
Dogs,0
Dogs,0
Sun,0
Birdhouses,0
Bluebirds,0
Give Thanks,0
Dogs,0
Roses,0
Spring Flowers,0
Dogs,0
Blessings,0
Trees and Shrubs,0
Happy Father's Day,0
Texas,0
Give Thanks,0
Dogs,0
Summer & Fall Flowers,0
Daisies,0
Spring Flowers,0
Summer & Fall Flowers,0
The Party is Here,0
Wine,0
Spring Flowers,0
Daisies,0
Daisies,0
Balloons,0
The Party is Here,0
Spring Flowers,0
Spring Flowers,0
Daisies,0
Spring Flowers,0
Spring Flowers,0
Daisies,0
Spring Flowers,0
Roses,0
The Party is Here,0
Spring Flowers,0
Spring Flowers,0
Daisies,0
Spring Flowers,0
Summer & Fall Flowers,0
Hummingbirds,0
Bees,0
Dragonflies,0
Ladybugs,0
Summer & Fall Flowers,0
Summer & Fall Flowers,0
Bless My Garden,0
Daisies,0
Garden Gnomes,0
Summer & Fall Flowers,0
Daisies,0
Summer & Fall Flowers,0
Summer & Fall Flowers,0
Roses,0
Spring Flowers,0
Spring Flowers,0
Summer & Fall Flowers,0
Summer & Fall Flowers,0
Summer & Fall Flowers,0
Trees and Shrubs,0
Tropical Flowers,0
Water Lilies,0
Watering Cans,0
Wild Flowers,0
Bless Your Heart,0
Home Sweet Home,0
Aquatic Life,0
Aquatic Life,0
Dogs,0
Wildlife,0
Inspirational,0
Sun,0
Daisies,0
Summer & Fall Flowers,0
Summer & Fall Flowers,0
Water Lilies,0
Daisies,0
Daisies,0
Spring Flowers,0
Summer & Fall Flowers,0
Daisies,0
Spring Flowers,0
Summer & Fall Flowers,0
Wine,0
Daisies,0
Exotic Flowers,0
Daisies,0
Trees and Shrubs,0
Spring Flowers,0
Summer & Fall Flowers,0
Summer & Fall Flowers,0
Spring Flowers,0
Spring Flowers,0
Summer & Fall Flowers,0
Spring Flowers,0
Spring Flowers,0
Spring Flowers,0
Spring Flowers,0
Daisies,0
Summer & Fall Flowers,0
Summer & Fall Flowers,0
Summer & Fall Flowers,0
Summer & Fall Flowers,0
Spring Flowers,0
Water Lilies,0
Spring Flowers,0
Beer,0
Spring Flowers,0
Summer & Fall Flowers,0
Summer & Fall Flowers,0
Spring Flowers,0
Spring Flowers,0
Summer & Fall Flowers,0
Summer & Fall Flowers,0
Spring Flowers,0
Daisies,0
Summer & Fall Flowers,0
Summer & Fall Flowers,0
Summer & Fall Flowers,0
Summer & Fall Flowers,0
Spring Flowers,0
Summer & Fall Flowers,0
Tropical Flowers,0
Summer & Fall Flowers,0
Summer & Fall Flowers,0
Spring Flowers,0
Water Lilies,0
5 O Clock Somewhere,0
Beer,0
Girls Night,0
Pool Party,0
The Party is Here,0
Wine,0
Motorcycles,0
Summer & Fall Flowers,0
Daisies,0
Summer & Fall Flowers,0
Daisies,0
Wine & Drinks,0
The Party is Here,0
Summer & Fall Flowers,0
Summer & Fall Flowers,0
Spring Flowers,0
Lilies,0
Summer & Fall Flowers,0
Spring Flowers,0
Spring Flowers,0
Exotic Birds,0
Spring Flowers,0
Summer & Fall Flowers,0
Summer & Fall Flowers,0
Exotic Flowers,0
Summer & Fall Flowers,0
Summer & Fall Flowers,0
Spring Flowers,0
Summer & Fall Flowers,0
Spring Flowers,0
Spring Flowers,0
Spring Flowers,0
Summer & Fall Flowers,0
Spring Flowers,0
Summer & Fall Flowers,0
Summer & Fall Flowers,0
Trees and Shrubs,0
Spring Flowers,0
Watermelon,0
Fishing,0
Aquatic Life,0
Bunnies,0
Dogs,0
Wildlife,0
Paris,0
Summer & Fall Flowers,0
Summer & Fall Flowers,0
Summer & Fall Flowers,0
Summer & Fall Flowers,0
Spring Flowers,0
Lilies,0
Summer & Fall Flowers,0
Spring Flowers,0
Summer & Fall Flowers,0
Summer & Fall Flowers,0
Spring Flowers,0
Watermelon,0
Fishing,0
Lake,0
Hearts and Stripes,0
Wildlife,0
Bicycles,0
Summer & Fall Flowers,0
Summer & Fall Flowers,0
The Party is Here,0
Backyard Birds,0
Chevron,0
Inspirational,0
Celebrate,0
Dogs,0
Dogs,0
Dogs,0
Dogs,0
Dogs,0
Dogs,0
Dogs,0
Dogs,0
Dogs,0
Dogs,0
Dogs,0
Dogs,0
Dogs,0
Dogs,0
Dogs,0
Dogs,0
Dogs,0
Dogs,0
Dogs,0
Dogs,0
Dogs,0
Dogs,0
Dogs,0
Dogs,0
Dogs,0
Dogs,0
Dogs,0
Dogs,0
Dogs,0
Dogs,0
Dogs,0
Dogs,0
Dogs,0
Dogs,0
Dogs,0
Dogs,0
Dogs,0
Dogs,0
Dogs,0
Dogs,0
Backyard Birds,0
Bluebirds,0
Dogs,0
Dogs,0
Dogs,0
Dogs,0
Dogs,0
Summer & Fall Flowers,0
Summer & Fall Flowers,0
Dogs,0
Summer & Fall Flowers,0
Veterans,0
Veterans,0
Animals,0
Animals,0
Veterans,0
Spring Flowers,0
Grapes,0
Apples,0
Fire Department,0
Summer & Fall Flowers,0
Texas,0
Bless Your Heart,0
Barn Stars,0
