"Flat 1/8""",
"Flat 3/16""",
"Flat 5/16""",
Fine Point,
Fan,
Fine Round,
Medium Round,
"Flat Versatile 1/8""",
Super Fine Point,
Medium Angle,
Wide Angle,
Wide Dome,
Medium Contour,
Fine Detail Tapered Point,
Fine Detail 5/0,
Round #4,
"Flat #4 3/16""",
"Flat #10 3/8""",
"Angle 1/4""",
"Angle 1/2""",
Filbert #10,
Small Fan #2,
Flat #2 3 mm,
Flat #4,
Flat #6 6 mm,
Flat #8,
Flat #10 10 mm,
Round Fine Point #1,
Round #5,
Round #2,
Bold Round,
Wide Chisel,
Petal Tip,
Medium Round,
Round Sable #0,
Round Sable #3,
Round Sable #6,
Large Flat Sable,
Round #1,
Round #2,
Round #3,
Round #4,
Round #5,
Round #6,
"Oval Wash Filbert 3/4""",
Filbert #8,
"Oval Wash Filbert 1/2""",
Angle Contour/Rouge,
Round #1,
Round #2,
Round #3,
Round #4,
Round #5,
Round #6,
Script Liner #1,
Powder Brush,
"Filbert Wisp 1/2""",
"Filbert Wisp 1/4""",
Fine Round,
Fine Flat,
Large Flat,
Small Filbert,
Medium Filbert,
Fan,
Round Short Hair #6,
"Filbert Comb 1/2""",
Round #2,
Round #5,
Fine Round,4
Round #1,4
Medium Round,3
Bold Round,2
Round #5,4
Round #3,3
Round #5,3
